BTA,StartSNP,EndSNP,SizeSNP,StartPos,EndPos,WinId,varianceexplained
1,1675,1699,25,143474642,144972015,143,3.09594
4,5271,5295,25,41407058,43763107,41,0.7794
6,7491,7515,25,9712964,11331047,9,0.54379
1,1630,1654,25,140120689,141926248,140,0.52582
21,23087,23111,25,22012794,23755490,22,0.48139
15,18433,18457,25,64373612,65967835,64,0.47401
15,18347,18371,25,56782573,59020999,56,0.471
19,21579,21603,25,33895220,35735450,33,0.46416
21,22864,22888,25,2151256,4825612,2,0.45494
1,1711,1735,25,145943761,147556901,145,0.44227
3,4363,4387,25,89422763,90523019,89,0.43728
13,15935,15959,25,8831875,10302310,8,0.43077
23,24799,24823,25,42621004,44680105,42,0.41378
23,24452,24476,25,11251946,13122318,11,0.40771
27,27217,27241,25,36853597,38233675,36,0.40721
18,20927,20951,25,39268365,40960722,39,0.40236
4,4933,4957,25,12227322,14594779,12,0.3935
11,14009,14033,25,20622003,21968037,20,0.39132
8,11300,11324,25,108556349,110815784,108,0.3883
17,19692,19716,25,9699044,11049283,9,0.38624
22,24177,24201,25,49131324,51550935,49,0.37707
13,16345,16369,25,46181219,47397987,46,0.3508
16,18940,18964,25,29549475,31162715,29,0.34983
16,19530,19554,25,78326946,80103005,78,0.34036
3,4012,4036,25,62689947,64442549,62,0.33859
9,12125,12149,25,74223999,76316163,74,0.33265
20,22225,22249,25,17281716,19231361,17,0.32834
9,11387,11411,25,2637837,4615023,2,0.32815
3,4306,4330,25,85838310,87486573,85,0.31303
11,13710,13734,25,700120,1901787,0,0.31297
18,20619,20643,25,11652352,13455012,11,0.31116
14,17256,17280,25,40310509,42704659,40,0.30406
5,6412,6436,25,16522966,21114508,16,0.29717
10,13510,13534,25,90234048,91549718,90,0.29642
10,13355,13379,25,79175778,81113308,79,0.29395
23,24754,24778,25,39649309,41349455,39,0.29291
19,21534,21558,25,29483931,31269659,29,0.29141
23,24484,24508,25,13714810,15035028,13,0.28889
28,27381,27405,25,5052476,6958438,5,0.28656
2,3310,3334,25,131269032,133043817,131,0.28642
13,16608,16632,25,67406632,69670639,67,0.28635
16,18774,18798,25,10308240,12455270,10,0.28477
7,9303,9327,25,44778539,46954435,44,0.2832
7,9409,9433,25,56022790,57641183,56,0.28009
4,5767,5791,25,83958615,85983005,83,0.27685
2,2519,2543,25,51940451,53477976,51,0.27639
7,9031,9055,25,24463533,26494064,24,0.27334
18,20875,20899,25,34794005,36985552,34,0.2719
13,16184,16208,25,32710351,35352877,32,0.26858
2,1909,1933,25,1185087,3046092,1,0.26388
3,3730,3754,25,33741850,35995151,33,0.2626
24,25085,25109,25,11204777,12916861,11,0.26007
5,6331,6355,25,8621147,10278129,8,0.25962
1,1266,1290,25,109521534,111289853,109,0.25961
11,14450,14474,25,62144546,63840544,62,0.25777
29,28318,28342,25,40321510,41989397,40,0.25703
26,26384,26408,25,19125108,20813204,19,0.25435
15,18314,18338,25,53801075,55871819,53,0.25237
20,22381,22405,25,34051201,36311419,34,0.25075
5,7045,7069,25,89472174,92191685,89,0.24862
8,10920,10944,25,77608240,79497558,77,0.24854
2,2929,2953,25,95463866,98666598,95,0.24525
2,1967,1991,25,5276521,7270116,5,0.2446
16,19192,19216,25,51661530,54046062,51,0.2438
5,6644,6668,25,43275588,45089737,43,0.24286
10,13107,13131,25,53661155,55773163,53,0.24256
9,11637,11661,25,25431900,28149131,25,0.23994
11,14630,14654,25,78545016,81484369,78,0.23823
3,3544,3568,25,14589894,16983842,14,0.23806
12,15711,15735,25,80707508,82765192,80,0.23768
3,4438,4462,25,95330250,97132442,95,0.23602
6,7787,7811,25,35648890,38576012,35,0.23594
22,23694,23718,25,5579646,6916862,5,0.2334
17,19835,19859,25,20996847,24406498,20,0.23306
3,3811,3835,25,42134780,44048816,42,0.23286
6,7391,7415,25,327345,2327244,0,0.2298
3,3413,3437,25,1582296,3819653,1,0.22864
6,8408,8432,25,94036712,95572055,94,0.22838
4,5411,5435,25,53829866,56199292,53,0.22813
22,23636,23660,25,1151510,3046992,1,0.22676
7,9972,9996,25,107837688,109210429,107,0.22655
22,23802,23826,25,14133039,15974506,14,0.22646
4,6094,6118,25,112985362,115011249,112,0.22237
3,4683,4707,25,112673479,114797789,112,0.22192
14,17134,17158,25,26508236,28494888,26,0.22117
18,20740,20764,25,22889138,24474645,22,0.22086
13,16427,16451,25,53550674,55867859,53,0.22064
18,20644,20668,25,13486389,16968932,13,0.21999
18,20576,20600,25,8729030,10351779,8,0.21978
8,11221,11245,25,102150739,103484427,102,0.21804
17,20180,20204,25,54858337,56514551,54,0.21751
5,6942,6966,25,77733009,80256799,77,0.21725
24,25182,25206,25,21071943,23065592,21,0.21717
22,24203,24227,25,51900773,54440045,51,0.21607
18,21013,21037,25,46288098,48129174,46,0.21292
19,21740,21764,25,46044695,48209594,46,0.21022
8,10382,10406,25,30369356,32749041,30,0.20971
1,823,847,25,69620870,72442882,69,0.20904
8,10682,10706,25,55778679,58061272,55,0.20874
21,23169,23193,25,29808549,31443165,29,0.20872
11,13879,13903,25,10661606,12596662,10,0.20741
28,27457,27481,25,10588137,13691955,10,0.20712
27,27291,27315,25,42292467,43766200,42,0.20692
1,1580,1604,25,135995337,137567928,135,0.20614
8,10540,10564,25,45063844,46877924,45,0.20519
11,14333,14357,25,48827893,51392558,48,0.20439
1,1389,1413,25,120732249,122973343,120,0.20348
28,27428,27452,25,8346709,10227920,8,0.20305
6,8257,8281,25,78289101,81042351,78,0.20293
4,5235,5259,25,38189188,39987629,38,0.2026
29,28357,28381,25,43525624,44999264,43,0.2008
1,1022,1046,25,88086502,90311323,88,0.20077
6,7916,7940,25,45813845,48025306,45,0.19972
26,26336,26360,25,15231279,17225652,15,0.19854
28,27724,27748,25,34309492,35874521,34,0.19585
16,18736,18760,25,4610955,9148784,4,0.19477
2,3371,3395,25,135268418,136437458,135,0.19247
23,24868,24892,25,47786010,49307866,47,0.19226
25,25778,25802,25,11738728,13510306,11,0.19151
24,25370,25394,25,36464131,38086180,36,0.19016
2,2881,2905,25,89444485,92950410,89,0.18876
3,3695,3719,25,30853504,32922670,30,0.18863
6,8122,8146,25,64179687,66307093,64,0.18861
2,2175,2199,25,22768217,24472770,22,0.18827
2,3260,3284,25,126860673,128973530,126,0.18826
4,5369,5393,25,49800685,52037442,49,0.18752
4,4882,4906,25,8665331,10689062,8,0.18751
2,2732,2756,25,69438526,71598307,69,0.1875
3,4110,4134,25,69123629,70704122,69,0.1872
17,20099,20123,25,46169177,47898312,46,0.18712
19,21303,21327,25,10085159,12669286,10,0.18641
17,19945,19969,25,32233437,33758361,32,0.18629
29,28435,28459,25,48735363,50466342,48,0.18535
12,15274,15298,25,34662470,36989957,34,0.18447
11,14266,14290,25,42615206,45096739,42,0.18426
23,24427,24451,25,9075600,11067172,9,0.18387
27,27057,27081,25,24106010,25633356,24,0.18366
6,7436,7460,25,4084466,7327210,4,0.18291
17,19917,19941,25,29760863,31670335,29,0.1823
14,17093,17117,25,23054179,25351733,23,0.18043
6,8607,8631,25,108135281,109719477,108,0.17991
1,1743,1767,25,147955914,149551396,147,0.17971
4,5671,5695,25,75640795,77697936,75,0.17944
15,18373,18397,25,59183752,61320019,59,0.17862
1,1080,1104,25,93892947,95750768,93,0.17825
10,12928,12952,25,39035263,41790011,39,0.17751
20,22335,22359,25,28442075,31468943,28,0.17699
3,4274,4298,25,83599565,85355582,83,0.17666
8,10156,10180,25,9094594,10844538,9,0.1764
1,1783,1807,25,150650424,152967323,150,0.17592
11,14194,14218,25,34517035,37110008,34,0.17591
12,14953,14977,25,2387957,4147501,2,0.17497
5,6979,7003,25,82169774,85242380,82,0.17474
25,26112,26136,25,37814617,39921068,37,0.17254
5,6605,6629,25,40058566,42085647,40,0.17125
1,1191,1215,25,102538612,104344681,102,0.171
18,21135,21159,25,56364657,58551307,56,0.17092
9,11939,11963,25,55338203,57288578,55,0.17068
13,16658,16682,25,71713558,73653480,71,0.17026
5,6838,6862,25,69351812,71621207,69,0.17015
18,20798,20822,25,26658261,28999193,26,0.17015
20,22255,22279,25,19688068,22093001,19,0.16973
4,5083,5107,25,25155275,26626208,25,0.1697
7,8923,8947,25,13823591,16634828,13,0.16931
5,7322,7346,25,116420609,118089275,116,0.1688
21,23539,23563,25,64354251,66258467,64,0.16864
29,28285,28309,25,36141887,38015000,36,0.16795
19,21231,21255,25,2484709,5934293,2,0.16782
1,1313,1337,25,113346075,116472073,113,0.16649
21,23479,23503,25,59368115,61994597,59,0.16548
9,12193,12217,25,81787494,82972692,81,0.1652
6,7873,7897,25,42825386,44649549,42,0.16463
5,7071,7095,25,92527538,96581874,92,0.16298
21,23356,23380,25,46984914,49290972,46,0.16261
18,21192,21216,25,64108397,65579737,64,0.16163
14,16957,16981,25,11079567,13166900,11,0.16125
17,19655,19679,25,6695956,8632882,6,0.16087
8,11005,11029,25,85183773,86780525,85,0.16037
2,3000,3024,25,105813306,108030356,105,0.16021
9,11453,11477,25,8616179,11835351,8,0.15923
14,17159,17183,25,28647658,31148945,28,0.15893
11,14071,14095,25,24279803,26808725,24,0.15879
15,18213,18237,25,43434590,45264139,43,0.15845
11,14297,14321,25,45736640,47941230,45,0.15788
20,22670,22694,25,58449212,60400902,58,0.15778
18,20489,20513,25,2163914,4463083,2,0.15684
1,1854,1878,25,155866844,157419451,155,0.15668
1,289,313,25,27145992,29624956,27,0.15639
15,18175,18199,25,40530772,42657355,40,0.1555
21,23042,23066,25,19193100,20916004,19,0.15539
8,10714,10738,25,59054244,60990733,59,0.15506
17,20235,20259,25,58821993,60612635,58,0.15496
13,16211,16235,25,35533998,37210394,35,0.15397
20,22641,22665,25,57001030,58240835,57,0.15397
16,19457,19481,25,73711818,75211979,73,0.15394
14,17019,17043,25,16923900,19001879,16,0.15386
5,6874,6898,25,72300259,74275630,72,0.15349
1,1459,1483,25,127112983,128962989,127,0.1528
12,15810,15834,25,88638167,90755955,88,0.15277
3,4235,4259,25,80562496,81972876,80,0.15216
8,10875,10899,25,73907982,76231601,73,0.15187
23,24336,24360,25,60163,3387731,0,0.151
3,3645,3669,25,26244281,28144691,26,0.1506
10,13009,13033,25,46022642,47721937,46,0.14983
5,7108,7132,25,97828652,100887354,97,0.14922
26,26592,26616,25,35662269,37898614,35,0.14802
26,26423,26447,25,22215515,24477962,22,0.14801
18,20673,20697,25,17234805,19173818,17,0.14697
6,8633,8657,25,109835444,111177481,109,0.14689
24,25345,25369,25,34453446,36432834,34,0.14531
6,8563,8587,25,104939658,106619789,104,0.14487
24,25416,25440,25,40260020,42384422,40,0.1445
19,21416,21440,25,19373322,21686395,19,0.1443
3,3856,3880,25,46747787,48232935,46,0.14386
27,26912,26936,25,14028863,15291371,14,0.1438
1,543,567,25,46778649,49161822,46,0.14378
4,6130,6154,25,115747463,117545292,115,0.14368
19,21612,21636,25,36209593,38018129,36,0.14308
19,21478,21502,25,24812617,26331593,24,0.14264
24,25442,25466,25,42506011,45775076,42,0.14259
7,8848,8872,25,4247661,5903128,4,0.14211
17,19873,19897,25,25745000,28304921,25,0.14148
11,13934,13958,25,15070600,16612478,15,0.14118
5,6791,6815,25,63812430,66830677,63,0.14109
20,22021,22045,25,1627053,3558883,1,0.14104
15,18458,18482,25,66042287,67624095,66,0.14035
11,14684,14708,25,84083499,87172464,84,0.14033
6,7568,7592,25,14851230,16725243,14,0.14023
11,14103,14127,25,27519615,29259074,27,0.1402
3,3588,3612,25,19995119,22326368,19,0.14019
12,15633,15657,25,68657690,70119984,68,0.13835
14,17398,17422,25,54164119,57340508,54,0.1383
4,5581,5605,25,68140952,70508946,68,0.13821
25,25651,25675,25,202554,1864761,0,0.13814
4,5989,6013,25,103918869,106253833,103,0.1379
15,18598,18622,25,76675303,79007295,76,0.13774
20,22605,22629,25,53571599,56351713,53,0.13747
12,15130,15154,25,18106772,21103484,18,0.1371
7,9597,9621,25,72446116,74596426,72,0.13691
2,2705,2729,25,67335802,68911266,67,0.13652
4,5741,5765,25,82167575,83897939,82,0.13586
10,13472,13496,25,87992789,89447461,87,0.13583
26,26743,26767,25,49050200,51358645,49,0.13579
11,13760,13784,25,3345221,5010099,3,0.13574
28,27631,27655,25,26530892,27762101,26,0.13518
13,16378,16402,25,47990990,51118474,47,0.13427
4,5022,5046,25,20136412,21574492,20,0.13276
3,4587,4611,25,105787535,107542688,105,0.13274
7,9841,9865,25,92744435,96192503,92,0.13256
13,16266,16290,25,39602766,41414256,39,0.13202
24,24972,24996,25,3029468,4474760,3,0.13186
17,20043,20067,25,42082059,44164743,42,0.13144
8,10122,10146,25,5940575,8310182,5,0.1314
9,12057,12081,25,65113143,67301858,65,0.13111
23,24376,24400,25,4524082,6727000,4,0.12981
9,12228,12252,25,83738200,86791475,83,0.12962
21,23382,23406,25,49336022,51325226,49,0.12907
27,27082,27106,25,25728096,27940956,25,0.12903
22,23896,23920,25,21431682,24078956,21,0.12892
24,25571,25595,25,56197050,57950814,56,0.12793
2,2837,2861,25,80298164,85585849,80,0.12717
11,13829,13853,25,7559695,9016028,7,0.12686
25,25729,25753,25,7192237,9862811,7,0.12679
3,3986,4010,25,60954055,62615411,60,0.12604
12,15502,15526,25,56289541,58889102,56,0.12533
8,10970,10994,25,81964415,84446493,81,0.12507
7,9106,9130,25,30091626,31921125,30,0.12434
23,24539,24563,25,17572459,19526598,17,0.12386
1,1605,1629,25,137648990,140095576,137,0.12304
20,22115,22139,25,7770495,9344675,7,0.12268
12,15423,15447,25,51555645,52895133,51,0.12163
4,5938,5962,25,99381115,101448766,99,0.1216
3,4396,4420,25,91486052,93497168,91,0.12145
21,22892,22916,25,5690539,8204919,5,0.12136
21,23583,23607,25,68105539,69939350,68,0.12129
14,17488,17512,25,62650972,64151328,62,0.12119
10,12864,12888,25,32796943,35164064,32,0.1208
4,4801,4825,25,870437,4302472,0,0.11993
3,3466,3490,25,5940341,8346751,5,0.1195
19,21680,21704,25,41834850,44062337,41,0.11923
16,19255,19279,25,57888452,59971956,57,0.1192
22,24244,24268,25,55511639,56853848,55,0.11916
7,9329,9353,25,47058986,48531566,47,0.11912
5,6559,6583,25,34002538,37403771,34,0.11862
3,4077,4101,25,67303946,68702409,67,0.11851
17,19599,19623,25,2685801,4558069,2,0.11845
20,22071,22095,25,5173580,6736039,5,0.11837
27,26872,26896,25,11365955,12900677,11,0.11824
17,20446,20470,25,72987826,74898756,72,0.11823
9,11573,11597,25,20645676,22652013,20,0.118
24,25012,25036,25,5858561,7678534,5,0.118
14,16899,16923,25,6696774,8529243,6,0.11783
15,17765,17789,25,6007478,8984238,6,0.11747
5,6523,6547,25,30353509,33246646,30,0.11671
13,16555,16579,25,63257337,65236809,63,0.11646
11,14657,14681,25,81819453,83835205,81,0.11609
25,25915,25939,25,23231135,25430757,23,0.11607
4,5305,5329,25,44836559,46462919,44,0.11518
1,1485,1509,25,129049315,130616566,129,0.11517
15,18007,18031,25,27822630,29486499,27,0.11481
21,23114,23138,25,24082700,26936862,24,0.11454
28,27764,27788,25,37331358,39225422,37,0.11441
2,2467,2491,25,46838331,50069820,46,0.11395
13,16070,16094,25,21676028,24355847,21,0.11392
11,14529,14553,25,68972281,71090191,68,0.11391
17,19983,20007,25,34624087,38380262,34,0.11381
22,24151,24175,25,47416183,48880998,47,0.11377
20,22146,22170,25,9651103,11971234,9,0.11376
15,18657,18681,25,82447474,84502766,82,0.11353
12,15090,15114,25,15405850,16886483,15,0.11345
12,15784,15808,25,86725371,88434154,86,0.11328
16,19010,19034,25,34606531,36502373,34,0.11319
24,25156,25180,25,18599946,20995393,18,0.11313
9,11412,11436,25,4693848,6367757,4,0.11275
14,17609,17633,25,74087692,77123730,74,0.11242
9,11603,11627,25,22919235,24423856,22,0.11143
7,9002,9026,25,21677064,23885782,21,0.11104
22,23751,23775,25,9869416,11818533,9,0.11099
4,5855,5879,25,91630220,93058106,91,0.11085
16,19150,19174,25,48319575,50486976,48,0.1107
9,12097,12121,25,69895004,73417713,69,0.11006
3,4172,4196,25,75443336,77312933,75,0.1099
11,14589,14613,25,75259019,77404521,75,0.10978
13,16753,16777,25,78184563,80026050,78,0.10969
10,12546,12570,25,5181718,7082683,5,0.1088
9,11865,11889,25,49805232,51326132,49,0.10862
1,1544,1568,25,133027725,135050488,133,0.10796
7,9637,9661,25,75697428,77485547,75,0.10792
19,21507,21531,25,26700849,29383514,26,0.10784
2,3079,3103,25,112023474,113716333,112,0.10771
8,10814,10838,25,68069707,70093416,68,0.1076
5,7256,7280,25,111547059,112945811,111,0.10748
21,23431,23455,25,53630520,56634361,53,0.10748
19,21644,21668,25,38977112,40968107,38,0.10705
6,7755,7779,25,31442288,33685443,31,0.10678
19,21864,21888,25,54674498,56300082,54,0.10678
18,21068,21092,25,51192008,52434006,51,0.10676
14,17058,17082,25,20273115,22226073,20,0.10665
11,14501,14525,25,66789317,68759678,66,0.10652
3,4331,4355,25,87632354,89151787,87,0.10623
23,24705,24729,25,33804325,36926025,33,0.10579
11,14795,14819,25,96317198,98365735,96,0.10574
5,6489,6513,25,26986116,29095603,26,0.10564
15,18545,18569,25,73304557,74973501,73,0.10549
9,12477,12501,25,103700559,105587941,103,0.10492
2,3036,3060,25,108549488,110139283,108,0.10479
7,9526,9550,25,65662751,67202130,65,0.10463
10,13618,13642,25,98460121,100133280,98,0.10312
28,27341,27365,25,77680,3637555,0,0.10306
6,8485,8509,25,99483757,101176530,99,0.10302
8,10057,10081,25,458919,1946257,0,0.10293
8,11158,11182,25,96991143,98967406,96,0.10283
22,24098,24122,25,42284451,44266173,42,0.10276
1,190,214,25,18285474,21224496,18,0.10213
13,15849,15873,25,836904,2416151,0,0.1019
8,10841,10865,25,70252582,73131682,70,0.10129
14,17354,17378,25,49450613,51811945,49,0.10042
15,18096,18120,25,33819859,35537347,33,0.10022
13,15894,15918,25,4308889,6683656,4,0.10019
11,14900,14924,25,104293559,106308481,104,0.10007
27,26961,26985,25,16899895,18638810,16,0.09995
10,13571,13595,25,94133262,95923129,94,0.09974
8,11060,11084,25,89255295,90808222,89,0.09935
24,25256,25280,25,28175885,29553275,28,0.09903
2,2812,2836,25,78028191,80201648,78,0.0989
17,20399,20423,25,69138161,71318673,69,0.09866
10,12761,12785,25,21274787,26406685,21,0.09836
25,25686,25710,25,2880252,5548577,2,0.09835
3,4645,4669,25,109821597,111598515,109,0.09831
10,12507,12531,25,1413876,3559435,1,0.09823
16,19498,19522,25,76369442,77673193,76,0.09817
16,19360,19384,25,66543047,68557811,66,0.09765
9,11992,12016,25,59472770,61062154,59,0.09758
5,6216,6240,25,1193806,2517249,1,0.0975
4,5129,5153,25,28384911,31326578,28,0.09743
9,11713,11737,25,32606924,34405240,32,0.09715
14,16849,16873,25,2826632,4808166,2,0.09715
9,11513,11537,25,14745626,16414903,14,0.09696
8,10780,10804,25,64172559,66929546,64,0.09681
7,8968,8992,25,18707985,20993918,18,0.0968
9,12159,12183,25,77162640,81098768,77,0.09669
12,15031,15055,25,10423968,12664697,10,0.09634
3,4493,4517,25,99111024,100683723,99,0.0962
1,599,623,25,52135065,54102324,52,0.09609
6,7626,7650,25,19217749,20730690,19,0.09605
25,25828,25852,25,15510660,17483780,15,0.09596
3,4041,4065,25,65163724,66554349,65,0.09576
13,16481,16505,25,58070117,59616070,58,0.09548
14,17311,17335,25,46465704,48302835,46,0.09499
25,25999,26023,25,30612098,32575148,30,0.09482
18,20960,20984,25,41323241,43379174,41,0.09451
10,13667,13691,25,101874473,103320719,101,0.09435
12,15736,15760,25,82791816,85206411,82,0.09409
6,8672,8696,25,112204503,113673073,112,0.0936
7,9696,9720,25,80533048,82510435,80,0.09342
26,26233,26257,25,6741237,8356096,6,0.09325
29,27885,27909,25,400533,2680682,0,0.09325
23,24903,24927,25,50009589,51386626,50,0.09321
20,22697,22721,25,60722662,62077963,60,0.0932
14,17640,17664,25,77610030,80082923,77,0.0929
18,20713,20737,25,20736454,22610574,20,0.09235
5,6716,6740,25,51213449,55378288,51,0.09215
15,18124,18148,25,35990313,37893014,35,0.09208
4,5053,5077,25,22273559,24589403,22,0.09201
24,25494,25518,25,48566369,50640590,48,0.09196
27,26989,27013,25,18781024,20962310,18,0.09194
6,7720,7744,25,27219218,30365819,27,0.09181
20,22481,22505,25,41652239,43651941,41,0.09149
6,7535,7559,25,12741496,14209617,12,0.09124
29,27954,27978,25,6976219,9160939,6,0.09124
1,331,355,25,31206393,32905173,31,0.0912
13,16801,16825,25,81455125,83371147,81,0.09093
21,22984,23008,25,13173337,15920240,13,0.09075
8,10620,10644,25,51330787,53005429,51,0.09048
14,17682,17706,25,81864817,84553454,81,0.09016
26,26542,26566,25,31439013,33234819,31,0.09012
19,21765,21789,25,48239722,49704150,48,0.0901
26,26478,26502,25,26952996,28723721,26,0.08989
24,25120,25144,25,14194168,17094736,14,0.08973
15,17929,17953,25,22960231,24236580,22,0.08958
6,8035,8059,25,55616565,58473731,55,0.08936
23,24509,24533,25,15062555,17136094,15,0.08934
28,27501,27525,25,15224521,16519850,15,0.08931
11,14860,14884,25,101425601,103289035,101,0.0889
1,1347,1371,25,117722957,119374036,117,0.08869
1,263,287,25,24735033,26920553,24,0.08841
13,16155,16179,25,29789119,31876709,29,0.08767
27,27182,27206,25,34704855,36117365,34,0.08748
4,6017,6041,25,106633751,108120633,106,0.08711
17,20124,20148,25,47926452,50194955,47,0.08692
6,8082,8106,25,61182251,62642435,61,0.08688
12,15586,15610,25,64663790,66902915,64,0.08687
20,22288,22312,25,23029920,25597446,23,0.08686
13,16714,16738,25,75913775,77390382,75,0.0868
12,15303,15327,25,37678844,43866499,37,0.08653
24,25467,25491,25,45871107,48201319,45,0.08649
11,14769,14793,25,93180378,96230130,93,0.08622
16,18706,18730,25,1690484,4185662,1,0.08603
23,24622,24646,25,24640422,27992880,24,0.08593
2,2004,2028,25,8272673,10192170,8,0.08592
1,873,897,25,74751227,77207875,74,0.08587
4,5525,5549,25,62638018,65400608,62,0.08577
28,27578,27602,25,21516493,23969284,21,0.08573
16,18846,18870,25,19313882,21212680,19,0.0857
29,28103,28127,25,21611292,23801596,21,0.08535
15,17852,17876,25,15908105,17457200,15,0.08531
9,12021,12045,25,61292190,64130815,61,0.08525
6,7952,7976,25,48815917,50733041,48,0.08509
10,13404,13428,25,83350003,84899748,83,0.08509
5,6909,6933,25,75227241,76870778,75,0.08505
20,22423,22447,25,37596667,39350230,37,0.08498
25,26077,26101,25,35483804,36818334,35,0.08489
16,18806,18830,25,13542437,16577116,13,0.08443
26,26686,26710,25,44141331,45983109,44,0.0843
28,27536,27560,25,17196687,19836248,17,0.08428
10,12617,12641,25,11998905,13194173,11,0.08421
26,26308,26332,25,13229219,14912765,13,0.08415
2,2297,2321,25,30704175,32154806,30,0.0838
7,9899,9923,25,99919908,103375625,99,0.08358
3,3767,3791,25,37449443,40364628,37,0.08337
10,13323,13347,25,75601133,78254077,75,0.08309
1,1228,1252,25,106365182,108634690,106,0.08292
24,25214,25238,25,24685039,26760851,24,0.08272
28,27836,27860,25,42582828,44118793,42,0.08255
12,15063,15087,25,13515819,15103754,13,0.0822
9,12301,12325,25,90365450,92163441,90,0.08203
10,13067,13091,25,50625958,52506582,50,0.08202
4,4843,4867,25,6049251,7594520,6,0.082
3,4766,4790,25,118567045,121025205,118,0.08181
24,25044,25068,25,7968526,9864505,7,0.08173
14,17187,17211,25,31414135,33716508,31,0.08168
20,22800,22824,25,67842364,69167111,67,0.08167
13,15983,16007,25,13067288,15849135,13,0.0815
8,10421,10445,25,34584476,36715387,34,0.08146
27,27242,27266,25,38492126,40102881,38,0.08145
8,11261,11285,25,104971314,106719449,104,0.08138
9,12343,12367,25,93685360,95470691,93,0.08116
29,28198,28222,25,29284458,31359399,29,0.08113
1,363,387,25,33343019,34970709,33,0.08092
2,2133,2157,25,19463458,21323746,19,0.08089
14,17562,17586,25,69709010,72069520,69,0.0804
19,21905,21929,25,57075809,58551913,57,0.08038
2,2675,2699,25,64485917,66860284,64,0.08033
15,18629,18653,25,79343616,82216138,79,0.08024
2,2045,2069,25,12533969,14891026,12,0.08022
15,18278,18302,25,49117674,52875986,49,0.07973
14,17522,17546,25,65300637,67963582,65,0.07908
7,9255,9279,25,41257488,42811272,41,0.07885
22,24274,24298,25,57098389,58873440,57,0.07875
19,21792,21816,25,49784054,51816153,49,0.07872
7,9783,9807,25,86801082,89026917,86,0.07846
13,16524,16548,25,60506763,62955647,60,0.07815
19,21391,21415,25,17597495,19175183,17,0.07814
1,917,941,25,79629427,81271586,79,0.07677
15,18408,18432,25,62116083,64283442,62,0.07636
17,20008,20032,25,38902191,41422335,38,0.07596
3,4205,4229,25,77959050,79606410,77,0.07573
22,23949,23973,25,27769749,30044319,27,0.07548
17,19574,19598,25,111319,2568413,0,0.0747
22,23834,23858,25,16661066,18358528,16,0.07429
28,27694,27718,25,31636252,34021273,31,0.07423
7,9066,9090,25,27148653,28567404,27,0.07418
19,21445,21469,25,22157176,23761130,22,0.07414
6,7691,7715,25,24356039,26537473,24,0.07404
24,25533,25557,25,52292037,54648112,52,0.07381
4,6053,6077,25,109652133,111938821,109,0.0738
27,27110,27134,25,28386241,30883081,28,0.07366
1,429,453,25,39232695,40621580,39,0.07339
5,7157,7181,25,104426051,106538208,104,0.07339
8,10746,10770,25,61450541,63815716,61,0.07328
5,7018,7042,25,87225487,88978964,87,0.07326
2,3181,3205,25,120148776,122509616,120,0.07312
10,12889,12913,25,35212871,37793494,35,0.07306
7,9755,9779,25,85071041,86617526,85,0.07298
21,23509,23533,25,62402185,63985298,62,0.07292
2,3222,3246,25,123768735,125585810,123,0.07286
25,25963,25987,25,27787134,29873982,27,0.07265
2,2777,2801,25,74101924,76852429,74,0.07264
4,4907,4931,25,10715105,11998326,10,0.0723
22,23990,24014,25,32208759,35287744,32,0.07229
6,8516,8540,25,101605230,103332668,101,0.07227
8,11326,11350,25,110899315,112720092,110,0.07218
12,15558,15582,25,61608282,64499123,61,0.07201
5,6454,6478,25,23408962,25915161,23,0.07186
3,3882,3906,25,48313245,50804085,48,0.07181
17,20155,20179,25,51746326,54836125,51,0.07181
28,27805,27829,25,40931834,42255760,40,0.07147
17,20313,20337,25,64516751,65891668,64,0.0714
3,3506,3530,25,10353611,13046630,10,0.0711
22,24311,24335,25,59984067,61258859,59,0.07085
21,22954,22978,25,10944434,12747638,10,0.07082
11,13968,13992,25,17445658,19248965,17,0.07076
14,16932,16956,25,9606819,11017871,9,0.07073
5,6384,6408,25,13230398,15780939,13,0.07014
7,9497,9521,25,63300781,65245810,63,0.0696
7,9867,9891,25,96695877,98907404,96,0.06932
3,4136,4160,25,70931186,74179845,70,0.06924
11,14826,14850,25,99043279,100901534,99,0.06899
18,20847,20871,25,32887225,34379769,32,0.06892
16,19220,19244,25,54347701,56952563,54,0.06888
1,111,135,25,8963404,11865992,8,0.06871
4,5908,5932,25,95601434,98016975,95,0.06871
21,23009,23033,25,16038671,18100136,16,0.06857
29,28170,28194,25,27646960,29052623,27,0.06857
14,17229,17253,25,35518739,39570666,35,0.06822
11,14221,14245,25,37206682,39552876,37,0.06784
24,24942,24966,25,785766,2702058,0,0.06766
10,13273,13297,25,69862924,72202330,69,0.06765
10,12963,12987,25,42501988,44556318,42,0.06739
9,11771,11795,25,37269912,40088647,37,0.06724
15,17957,17981,25,24563671,26224828,24,0.06683
4,5190,5214,25,35085729,36965188,35,0.06674
5,6241,6265,25,2586338,4309575,2,0.06669
1,506,530,25,44250030,45864540,44,0.06653
5,6305,6329,25,6786633,8518671,6,0.06641
21,23286,23310,25,40681426,42440611,40,0.06634
26,26713,26737,25,46101773,48583446,46,0.06634
1,724,748,25,62607089,64301934,62,0.06628
11,14736,14760,25,89880876,92297411,89,0.06614
3,4530,4554,25,101669577,102849379,101,0.06581
16,19415,19439,25,70547085,72700904,70,0.06567
1,1809,1833,25,153085257,154704079,153,0.0656
1,1142,1166,25,98779294,100297745,98,0.06559
19,21956,21980,25,60315379,62087156,60,0.06556
6,7844,7868,25,41062876,42493184,41,0.06552
8,10648,10672,25,53173129,55108986,53,0.0653
10,12688,12712,25,15974499,17683504,15,0.06509
9,12387,12411,25,97022238,98512648,97,0.06473
11,14144,14168,25,30425030,32153221,30,0.06424
14,17457,17481,25,60240153,62081472,60,0.06416
3,3959,3983,25,58434544,60851066,58,0.06415
17,20360,20384,25,67160019,68187177,67,0.0638
4,5799,5823,25,86690771,89266056,86,0.06379
15,17884,17908,25,18924675,21251960,18,0.06376
16,18907,18931,25,26379899,28384914,26,0.06369
10,12720,12744,25,18287420,20117400,18,0.06344
16,19125,19149,25,46159900,48229459,46,0.06336
9,12443,12467,25,100927731,103043592,100,0.06327
11,13794,13818,25,5389716,7047686,5,0.06327
7,9357,9381,25,48881790,51127488,48,0.06301
8,10193,10217,25,12444009,16248679,12,0.06295
27,26813,26837,25,3909806,7712398,3,0.0629
25,26046,26070,25,33852697,35164634,33,0.06283
7,10019,10043,25,110791024,111973235,110,0.06281
18,20529,20553,25,5405616,6961838,5,0.06259
1,651,675,25,55832662,59071436,55,0.06241
2,3106,3130,25,113981115,115264249,113,0.0622
7,8896,8920,25,8764468,13686977,8,0.06208
10,13446,13470,25,85978674,87848389,85,0.06201
13,16298,16322,25,42340884,44847602,42,0.06196
29,28140,28164,25,24726149,26697399,24,0.06194
24,25598,25622,25,58125298,60613517,58,0.06171
20,22456,22480,25,39927454,41478242,39,0.06156
7,9185,9209,25,36374272,38555200,36,0.06154
1,1510,1534,25,130874607,132444602,130,0.0615
6,8377,8401,25,91660390,93271051,91,0.06143
16,19280,19304,25,60009076,61791136,60,0.06141
18,21163,21187,25,60281443,63632070,60,0.06123
17,20285,20309,25,62311865,64189856,62,0.061
15,18506,18530,25,69870683,71467340,69,0.06099
6,7818,7842,25,39094340,41004596,39,0.0609
20,22838,22862,25,69769924,71498820,69,0.06081
7,8797,8821,25,1263597,2817908,1,0.06051
26,26208,26232,25,4304365,6692455,4,0.06037
29,27979,28003,25,9340747,11494625,9,0.06035
10,13181,13205,25,59470586,63166747,59,0.06034
6,7658,7682,25,21293951,23460345,21,0.06028
2,2201,2225,25,24519348,26286051,24,0.06016
28,27861,27884,24,44194654,46173236,44,0.06007
16,19036,19060,25,36605953,37982355,36,0.05977
6,7461,7485,25,7363787,9287488,7,0.05958
7,9809,9833,25,89139219,91839217,89,0.05957
17,19810,19834,25,18881179,20892863,18,0.05934
8,10583,10607,25,48135090,50379563,48,0.05929
8,10512,10536,25,42486699,44764274,42,0.05912
7,9211,9235,25,38613662,39762269,38,0.05895
25,25862,25886,25,18671579,21225000,18,0.0588
19,21353,21377,25,15280834,16598801,15,0.05877
18,20768,20792,25,24782395,26337295,24,0.05876
15,17717,17741,25,1958234,4155885,1,0.0586
26,26448,26472,25,24507253,26547375,24,0.05835
7,9666,9690,25,77811399,80202140,77,0.05833
17,19629,19653,25,4893522,6641738,4,0.05825
29,28041,28065,25,15671305,17532391,15,0.05818
18,20902,20926,25,37166881,39204491,37,0.05809
26,26269,26293,25,9550462,11102722,9,0.05771
22,24069,24093,25,40232132,42057997,40,0.05768
18,20987,21011,25,43502109,46191012,43,0.05764
10,12796,12820,25,26973237,28996491,26,0.05758
3,3441,3465,25,4180412,5909921,4,0.05754
9,11688,11712,25,30966432,32549297,30,0.05742
20,22200,22224,25,15381710,17175071,15,0.0573
29,28388,28412,25,45660037,47595658,45,0.0573
4,6159,6183,25,117831202,119437182,117,0.05701
11,14368,14392,25,54193489,56112585,54,0.05697
5,6681,6705,25,46454015,49977047,46,0.05678
9,11966,11990,25,57412955,59383405,57,0.05675
8,11187,11211,25,99458916,101339903,99,0.05667
22,23777,23801,25,11935606,14086186,11,0.05656
19,21826,21850,25,52481850,53932846,52,0.05652
23,24568,24592,25,19808257,21365104,19,0.05649
4,5484,5508,25,59744707,61542387,59,0.05648
11,14925,14938,14,106348964,107205272,106,0.05648
20,22571,22595,25,50443672,52183095,50,0.05639
14,16983,17007,25,13217565,16015924,13,0.05634
3,4467,4491,25,97533858,98978974,97,0.05621
2,1934,1958,25,3151989,4779103,3,0.0562
2,3132,3156,25,115475433,117429603,115,0.05562
2,2269,2293,25,28994690,30481073,28,0.05558
10,13133,13157,25,55993255,57786593,55,0.05546
19,21715,21739,25,44632448,45997313,44,0.05545
12,15177,15201,25,23991213,27310922,23,0.05524
10,12651,12675,25,13684162,15102064,13,0.05486
1,963,987,25,82787221,84705191,82,0.0548
10,13240,13264,25,67118053,69057957,67,0.05479
1,766,790,25,65252905,67310117,65,0.05431
19,21981,22005,25,62113537,63979662,62,0.05427
25,26143,26167,25,40436393,42269092,40,0.05421
26,26503,26527,25,28757076,30209142,28,0.05408
1,391,415,25,35367693,37209389,35,0.05401
1,848,872,25,72640881,74581903,72,0.05378
10,13039,13063,25,48421615,50407755,48,0.05371
6,8158,8182,25,66991502,69840434,66,0.05369
2,2620,2644,25,58975210,61487742,58,0.05366
6,7598,7622,25,17134636,19001125,17,0.05338
2,2077,2101,25,15250050,17142680,15,0.05332
6,8313,8337,25,85178107,88592295,85,0.05332
5,7370,7389,20,119261609,121175859,119,0.05257
17,19774,19798,25,15939261,18064688,15,0.05212
21,23143,23167,25,27268931,29603301,27,0.05203
15,18060,18084,25,31469036,33099529,31,0.05189
18,21096,21120,25,52739093,54987510,52,0.05186
2,2355,2379,25,34709686,37405656,34,0.05179
12,15389,15413,25,49395053,50918873,49,0.05152
12,15246,15270,25,31439132,34522038,31,0.05151
7,9445,9469,25,58732575,61093739,58,0.05128
24,25310,25334,25,31709509,33581573,31,0.05126
8,10085,10109,25,3258367,4988343,3,0.05117
21,22919,22943,25,8370903,10307506,8,0.05112
27,27140,27164,25,31261689,32800374,31,0.05083
12,15211,15235,25,28022872,30273741,28,0.05064
13,16686,16710,25,73803783,75567844,73,0.0505
23,24673,24697,25,30806829,33085360,30,0.0505
2,2238,2262,25,27266773,28573158,27,0.05042
5,7296,7320,25,114405063,116167919,114,0.04961
23,24401,24425,25,6999212,8998867,6,0.04952
10,13214,13238,25,64203232,66884934,64,0.04938
4,5632,5656,25,73023785,74460194,73,0.04937
29,27929,27953,25,4377323,6929030,4,0.04869
20,22756,22780,25,64169690,66200409,64,0.0486
4,5344,5368,25,47788307,49738691,47,0.04853
6,8707,8731,25,114192827,115531357,114,0.04849
8,10348,10372,25,27295189,29711579,27,0.04844
5,6278,6302,25,5049476,6550831,5,0.04832
9,12255,12279,25,87117785,88760079,87,0.04802
29,28005,28029,25,11686385,14009294,11,0.04793
1,798,822,25,67885415,69520131,67,0.0472
13,16633,16657,25,69702161,71691419,69,0.04715
11,14558,14582,25,71365918,74139241,71,0.04709
4,4961,4985,25,15029333,16946642,15,0.04694
24,25623,25647,25,60745394,62593028,60,0.04674
8,10272,10296,25,20686573,23116314,20,0.04639
16,19335,19359,25,64667941,66404619,64,0.04618
5,7191,7215,25,107220093,108417126,107,0.04609
29,28077,28101,25,19099383,21399349,19,0.04592
27,27316,27340,25,43789958,45368987,43,0.04585
4,5714,5738,25,79904993,81916729,79,0.04579
9,11898,11922,25,51824042,53983792,51,0.04565
12,15346,15370,25,46159958,48042191,46,0.0455
8,10311,10335,25,24211291,26444056,24,0.04534
8,11088,11112,25,91642318,93655394,91,0.04526
9,12412,12436,25,98526918,100545557,98,0.04511
26,26176,26200,25,756489,3689522,0,0.04433
18,21042,21066,25,48294173,50793970,48,0.04429
27,27016,27040,25,21317468,22922395,21,0.04402
15,18250,18274,25,46436262,48688111,46,0.04348
13,16041,16065,25,18536707,20735468,18,0.04314
19,21260,21284,25,6854840,8483490,6,0.04306
3,3926,3950,25,53598182,57633063,53,0.043
2,2966,2990,25,101636994,105193025,101,0.04292
5,6757,6781,25,60373086,62832681,60,0.04289
2,2583,2607,25,55524932,57481115,55,0.04285
4,5883,5907,25,93644011,95444050,93,0.04278
10,12836,12860,25,30654569,32409981,30,0.04252
11,14425,14449,25,59458469,62067321,59,0.04247
3,3619,3643,25,22921514,26179728,22,0.04241
10,12582,12606,25,8371239,11154893,8,0.04233
23,24825,24849,25,44811372,46672013,44,0.04215
12,15685,15709,25,78787855,80629629,78,0.04204
1,1047,1071,25,90430877,92581626,90,0.04168
6,8195,8219,25,71300961,73182209,71,0.04154
9,11836,11860,25,45729853,49045410,45,0.04151
20,22727,22751,25,62478335,63925955,62,0.0415
3,4617,4641,25,108053826,109542930,108,0.04146
11,14045,14069,25,22666445,24102073,22,0.04138
8,10945,10969,25,79534851,81877902,79,0.04095
2,2383,2407,25,37729012,40155558,37,0.04081
22,23720,23744,25,6992794,9145631,6,0.04079
17,20072,20096,25,44413031,46029765,44,0.04073
3,4741,4765,25,116943803,118518956,116,0.04041
1,61,85,25,4602508,6254730,4,0.04033
29,28259,28283,25,34161198,36024434,34,0.04028
2,3346,3370,25,133861562,135190642,133,0.04024
3,4708,4732,25,114852225,116378417,114,0.03998
15,17790,17814,25,9041018,12027285,9,0.03998
9,11738,11762,25,34426533,36556225,34,0.03988
11,13905,13929,25,12717282,14523442,12,0.03987
5,6356,6380,25,10335741,12759904,10,0.03969
21,23311,23335,25,42462426,44477844,42,0.03941
2,2494,2518,25,50223536,51914519,50,0.03931
27,26779,26803,25,169363,2725927,0,0.03906
14,17281,17305,25,42841242,45601728,42,0.03905
11,14399,14423,25,57078447,59351201,57,0.03904
22,24044,24068,25,38080562,40195640,38,0.03887
17,20206,20230,25,56729059,58374544,56,0.03879
16,18974,18998,25,31813761,33671664,31,0.0387
5,7227,7251,25,109252813,111267142,109,0.03845
9,11482,11506,25,12234440,14340570,12,0.03817
3,3670,3694,25,28188297,30756980,28,0.0381
12,14985,15009,25,4746992,8102057,4,0.0381
27,26841,26865,25,8077538,10448012,8,0.03796
21,23237,23261,25,36379982,38226290,36,0.03762
9,11545,11569,25,16931842,20171743,16,0.03746
3,4559,4583,25,103358134,105576161,103,0.03734
13,16583,16607,25,65399569,67264571,65,0.03722
1,157,181,25,15605365,17448939,15,0.03705
4,5436,5460,25,56222505,58305087,56,0.03693
17,19740,19764,25,12819130,15052590,12,0.0369
7,8822,8846,25,2869042,4096495,2,0.03673
6,8454,8478,25,97583093,99187864,97,0.03672
7,9945,9969,25,105751261,107527276,105,0.03665
20,22546,22570,25,47919708,50197562,47,0.0366
4,5154,5178,25,31573521,33987589,31,0.03629
25,25803,25827,25,13593048,15459513,13,0.03605
17,20260,20284,25,60711532,62290698,60,0.03598
22,23661,23685,25,3073232,4994019,3,0.03582
8,10467,10491,25,38203926,40470452,38,0.03567
1,1417,1441,25,123176398,125366854,123,0.03564
6,8340,8364,25,88891318,91023863,88,0.03563
6,8745,8769,25,116095001,118394088,116,0.03538
7,9727,9751,25,83057326,84971705,83,0.03527
11,14710,14734,25,87257595,89589073,87,0.03494
28,27656,27680,25,27785430,29367316,27,0.03465
11,14169,14193,25,32333903,34482175,32,0.03463
29,28225,28249,25,31592747,33593218,31,0.03452
7,9148,9172,25,33367322,35267018,33,0.03448
13,16452,16476,25,55973589,57548174,55,0.03439
4,5553,5577,25,65984649,67772757,65,0.034
11,14476,14500,25,64057850,66554571,64,0.03385
12,15533,15557,25,59497466,61573515,59,0.03381
1,461,485,25,41191350,42843006,41,0.03359
1,226,250,25,22031001,23869907,22,0.03358
13,16101,16125,25,25101088,26937127,25,0.03358
15,18570,18594,25,75037006,76379840,75,0.03358
20,22518,22542,25,45608476,47542648,45,0.03351
2,3285,3309,25,129053865,130965838,129,0.03316
7,9383,9407,25,52224595,55655916,52,0.03307
2,2325,2349,25,32520300,34329085,32,0.03306
1,9,33,25,974586,2714141,0,0.03299
2,2102,2126,25,17278352,19105629,17,0.03293
2,2412,2436,25,40513966,43042276,40,0.0328
26,26617,26641,25,37956801,40432824,37,0.03274
14,16874,16898,25,4848750,6671964,4,0.0316
6,8010,8034,25,53368182,55594667,53,0.03093
1,1112,1136,25,96553339,98274088,96,0.0307
22,24123,24147,25,44533699,46850967,44,0.03066
13,16240,16264,25,37865729,39545522,37,0.02989
8,10247,10271,25,19014469,20639085,19,0.02985
4,5964,5988,25,101677815,103884199,101,0.02931
12,15456,15480,25,53364295,54605227,53,0.02923
8,11113,11137,25,93691445,95057877,93,0.0286
10,13540,13564,25,91782840,93897741,91,0.02811
26,26567,26591,25,33337772,35434598,33,0.0281
6,8288,8312,25,81652194,84968944,81,0.02758
15,17827,17851,25,13306889,15697628,13,0.02722
23,24648,24672,25,28087630,30773701,28,0.02698
19,21930,21954,25,58591027,60224397,58,0.02693
2,2555,2579,25,53951533,55372153,53,0.02679
6,8223,8247,25,73369629,75426216,73,0.02674
15,18150,18174,25,38003134,40508622,38,0.0267
16,19387,19411,25,68785131,70338655,68,0.02653
23,24597,24621,25,21839805,24607919,21,0.02652
22,23860,23884,25,18457027,20451252,18,0.02628
1,689,713,25,59971879,61540639,59,0.02602
11,13854,13878,25,9110713,10630544,9,0.02569
22,24019,24043,25,35497292,38047255,35,0.0256
20,22171,22195,25,12017779,14259661,12,0.0255
19,21328,21352,25,12794836,15230115,12,0.02537
2,2439,2463,25,43396276,46498119,43,0.02531
28,27605,27629,25,24386413,26362076,24,0.02502
1,36,60,25,2799458,4451105,2,0.02498
7,9471,9495,25,61196630,63215249,61,0.02492
25,25887,25911,25,21290132,22890173,21,0.02431
7,9566,9590,25,69004072,71545383,69,0.02383
1,988,1012,25,84850448,87539440,84,0.02352
9,11796,11820,25,40116301,43595237,40,0.02323
16,19100,19124,25,42892437,46093561,42,0.02301
15,18032,18056,25,29518222,31153296,29,0.02269
21,23608,23624,17,70012413,71136925,70,0.02269
4,5606,5630,25,70537648,72920828,70,0.02237
14,17423,17447,25,57367330,59280392,57,0.02215
26,26645,26669,25,41118722,42896381,41,0.02208
21,23210,23234,25,34062578,36228253,34,0.02181
2,2648,2672,25,62265739,64346990,62,0.02169
16,18872,18896,25,21289097,24401108,21,0.02142
4,6184,6204,21,119469804,120615269,119,0.02134
24,25285,25309,25,29762125,31609408,29,0.02096
22,23921,23945,25,24112377,27309084,24,0.02071
6,7979,8003,25,50860823,52565043,50,0.02027
25,26170,26174,5,42640462,42851121,42,0.02013
20,22046,22070,25,3767554,5096097,3,0.01991
8,11032,11056,25,87006712,89061216,87,0.01917
4,5827,5851,25,89470738,91417417,89,0.01903
16,19063,19087,25,38157791,41260623,38,0.01872
1,1881,1890,10,157723699,158229218,157,0.01857
7,10045,10056,12,112081115,112610067,112,0.018
16,19310,19334,25,62179726,64566814,62,0.01772
9,11662,11686,25,28191512,30764991,28,0.01718
1,574,598,25,49532893,52075648,49,0.0169
13,16130,16154,25,27643794,29718368,27,0.01677
8,10219,10243,25,16416471,18735454,16,0.01643
3,4791,4796,6,121098536,121374825,121,0.01633
12,15835,15843,9,90805949,91091598,90,0.01594
10,13298,13322,25,72228543,75502355,72,0.0158
4,4994,5018,25,17807404,19957153,17,0.01536
13,16014,16038,25,16424596,18268908,16,0.01469
26,26771,26775,5,51506691,51680135,51,0.01456
13,16827,16833,7,83588785,84002346,83,0.01444
23,24928,24936,9,51487543,52068611,51,0.0143
11,13735,13759,25,1920092,3303652,1,0.01397
12,15658,15682,25,70224733,78606843,70,0.0138
1,624,648,25,54179627,55499124,54,0.01338
8,11355,11365,11,112966306,113367096,112,0.0119
29,28460,28466,7,50533499,51438462,50,0.01142
15,17982,18006,25,26265940,27786172,26,0.01053
1,86,110,25,6383413,8895681,6,0.01049
16,19555,19573,19,80127630,81322588,80,0.00996
15,18682,18692,11,84540041,85257312,84,0.00928
10,13695,13702,8,103636188,104136694,103,0.00683
6,8770,8780,11,118436689,119216563,118,0.00458
14,17707,17708,2,84594318,84616190,84,0.0033
17,20471,20471,1,74965918,74965918,74,0.00292
18,21217,21221,5,65604707,65978584,65,0.00198
2,3396,3397,2,136461239,136483623,136,0.0013
24,25648,25648,1,62643699,62643699,62,3e-04
19,22006,22006,1,64007021,64007021,64,5e-05
20,22863,22863,1,71735324,71735324,71,0
